{
    "accuracy": 0.8671,
    "precision": 0.8889595253231617,
    "recall": 0.839,
    "f1_score": 0.8632575367836197,
    "specificity": 0.8952,
    "threshold": 0.5,
    "roc_auc": 0.94252372,
    "pr_auc": 0.9391721102005588
}