{
    "model_name": "BiLSTM_Model",
    "total_epochs": 7.0,
    "final_train_loss": 0.07489807903766632,
    "final_train_accuracy": 0.9768857359886169,
    "min_train_loss": 0.07489807903766632,
    "max_train_accuracy": 0.9768857359886169,
    "final_val_loss": 0.5127648115158081,
    "final_val_accuracy": 0.8626000285148621,
    "min_val_loss": 0.3078441619873047,
    "max_val_accuracy": 0.8727999925613403,
    "best_epoch": 2.0,
    "training_time_seconds": 4310.297321,
    "training_time_minutes": 71.83828868333333
}